contest,year,month,day,time,break,hoamTeam,guestTeam,resultNumeric,homeTotalGoalDiff,guestTotalGoalDiff,homeTeamGoalsDiffAtHome,homeTeamGoalsDiffAway,guestTeamGoalsDiffAtHome,guestTeamGoalsDiffAway,hoamAvgPoints,guestAvgpoints,fortlfd
Bundesliga  Bundesliga,2019,7,Sa,17:00,7,FK Austria Wien,LASK,,0.837837838,1.30952381,0.611111111,-0.473684211,1.333333333,1.285714286,1.378378378,2.095238095,523
Bundesliga  Bundesliga,2019,7,Sa,17:00,6,SC Rheindorf Altach,WSG Tirol,,0.6,-0.5,-0.294117647,0.444444444,2,-3,1.2,1.5,524
Bundesliga  Bundesliga,2019,7,Sa,17:00,6,TSV Hartberg,FC Admira Wacker Mödling,,0.888888889,-0.857142857,0.166666667,-1.111111111,-0.705882353,-1,1.166666667,0.857142857,525
Bundesliga  Bundesliga,2020,7,So,17:00,9,Red Bull Salzburg,SV Mattersburg,,2.283018868,-0.117647059,2.125,1.448275862,0.058823529,-0.294117647,2.509433962,1.441176471,526
Bundesliga  Bundesliga,2019,7,So,17:00,8,Wolfsberger AC,SK Sturm Graz,,0.861111111,-0.282051282,0.333333333,-0.055555556,-0.210526316,-0.35,1.527777778,1.179487179,527
Bundesliga  Bundesliga,2019,7,So,17:00,7,SKN St. Pölten,SK Rapid Wien,,0.648648649,0.22,-0.1875,-0.571428571,0.583333333,-0.115384615,1.216216216,1.46,528