contest	year	month	day	time	break	hoamTeam	guestTeam	resultNumeric	homeTotalGoalDiff	guestTotalGoalDiff	homeTeamGoalsDiffAtHome	homeTeamGoalsDiffAway	guestTeamGoalsDiffAtHome	guestTeamGoalsDiffAway	hoamAvgPoints	guestAvgpoints	fortlfd
Bundesliga  Bundesliga	2019	05	Sa	17:00	7	FC Wacker Innsbruck	SV Mattersburg		0.441176	-0.031250	-0.866667	-0.421053	0.000000	-0.062500	0.941176	1.437500	510
Bundesliga  Bundesliga	2019	05	Sa	17:00	7	TSV Hartberg	FC Admira Wacker Mödling		0.852941	-0.757576	0.058824	-1.117647	-0.562500	-0.941176	1.147059	0.909091	511
Bundesliga  Bundesliga	2019	05	Sa	17:00	7	SK Rapid Wien	SC Rheindorf Altach		1.250000	0.121212	0.772727	-0.115385	-0.294118	0.562500	1.520833	1.181818	512
Bundesliga  Bundesliga	2019	05	So	17:00	7	Red Bull Salzburg	SKN St. Pölten		2.196078	-0.142857	1.913043	1.428571	-0.187500	-0.105263	2.490196	1.285714	513
Bundesliga  Bundesliga	2019	05	So	17:00	7	LASK	FK Austria Wien		1.675000	0.200000	1.210526	1.285714	0.611111	-0.235294	2.050000	1.457143	514
Bundesliga  Bundesliga	2019	05	So	17:00	7	Wolfsberger AC	SK Sturm Graz		0.794118	-0.351351	0.294118	-0.235294	-0.388889	-0.315789	1.441176	1.162162	515