contest	year	month	day	time	viewers	break	hoamTeam	guestTeam	resultNumeric	homeTotalGoalDiff	guestTotalGoalDiff	homeTeamGoalsDiffAtHome	homeTeamGoalsDiffAway	guestTeamGoalsDiffAtHome	guestTeamGoalsDiffAway	hoamAvgPoints	guestAvgpoints	fortlfd
Bundesliga  Bundesliga	2019	8	Sa	0.708333333	0	6	SK Rapid Wien	SC Rheindorf Altach	0	1.156862745	0.111111111	0.583333333	-0.111111111	-0.222222222	0.444444444	1.450980392	1.166666667	528
Bundesliga  Bundesliga	2019	8	Sa	0.708333333	0	7	FC Admira Wacker Mödling	LASK	0	0.194444444	1.348837209	-0.705882353	-1.105263158	1.333333333	1.363636364	0.833333333	2.046511628	529
Bundesliga  Bundesliga	2019	8	Sa	0.708333333	0	6	Red Bull Salzburg	Wolfsberger AC	0	2.296296296	0.108108108	2.16	1.448275862	0.263157895	-0.055555556	2.518518519	1.486486486	530
Bundesliga  Bundesliga	2019	8	So	0.708333333	0	8	TSV Hartberg	SK Sturm Graz	0	0.945945946	-0.25	0.315789474	-1.111111111	-0.210526316	-0.285714286	1.216216216	1.15	531
Bundesliga  Bundesliga	2019	8	So	0.708333333	0	8	WSG Tirol	SKN St. Pölten	0	1.333333333	-0.394736842	2	-2	-0.176470588	-0.571428571	1	1.184210526	532
Bundesliga  Bundesliga	2019	8	So	0.708333333	0	7	SV Mattersburg	FK Austria Wien	0	0.685714286	-0.026315789	0.058823529	-0.444444444	0.421052632	-0.473684211	1.4	1.342105263	533