contest	year	month	day	time	break	hoamTeam	guestTeam	resultNumeric	homeTotalGoalsShoot	homeTotalGoalsReceived	homeTotalGoalDiff	guestTotalGoalsShoot	guestTotalGoalsReceived	guestTotalGoalDiff	homeTeamGoalsShootAtHome	homeTeamGoalsReceivedAtHome	homeTeamGoalsDiffAtHome	homeTeamGoalsShootAway	homeTeamGoalsReceivedAway	homeTeamGoalsDiffAway	guestTeamGoalsShootAtHome	guestTeamGoalsReceivedAtHome	guestTeamGoalsDiffAtHome	guestTeamGoalsShootAway	guestTeamGoalsReceivedAway	guestTeamGoalsDiffAway	hoamAvgPoints	guestAvgpoints	fortlfd
Bundesliga  Bundesliga	2019	8	Sa	17:00	6	SK Rapid Wien	SC Rheindorf Altach		1.568627451	0.411764706	1.156862745	1.555555556	1.444444444	0.111111111	1.458333333	0.875	0.583333333	1.666666667	1.777777778	-0.111111111	1.666666667	1.888888889	-0.222222222	1.444444444	1	0.444444444	1.450980392	1.166666667	528
Bundesliga  Bundesliga	2019	8	Sa	17:00	7	FC Admira Wacker Mödling	LASK		1.166666667	0.972222222	0.194444444	2.162790698	0.813953488	1.348837209	1.352941176	2.058823529	-0.705882353	1	2.105263158	-1.105263158	2.19047619	0.857142857	1.333333333	2.136363636	0.772727273	1.363636364	0.833333333	2.046511628	529
Bundesliga  Bundesliga	2019	8	Sa	17:00	6	Red Bull Salzburg	Wolfsberger AC		2.574074074	0.277777778	2.296296296	1.513513514	1.405405405	0.108108108	2.76	0.6	2.16	2.413793103	0.965517241	1.448275862	1.631578947	1.368421053	0.263157895	1.388888889	1.444444444	-0.055555556	2.518518519	1.486486486	530
Bundesliga  Bundesliga	2019	8	So	17:00	8	TSV Hartberg	SK Sturm Graz		1.675675676	0.72972973	0.945945946	1.1	1.35	-0.25	1.736842105	1.421052632	0.315789474	1.611111111	2.722222222	-1.111111111	1.263157895	1.473684211	-0.210526316	0.952380952	1.238095238	-0.285714286	1.216216216	1.15	531
Bundesliga  Bundesliga	2019	8	So	17:00	8	WSG Tirol	SKN St. Pölten		1.666666667	0.333333333	1.333333333	1.263157895	1.657894737	-0.394736842	3	1	2	1	3	-2	1.235294118	1.411764706	-0.176470588	1.285714286	1.857142857	-0.571428571	1	1.184210526	532
Bundesliga  Bundesliga	2019	8	So	17:00	7	SV Mattersburg	FK Austria Wien		1.371428571	0.685714286	0.685714286	1.473684211	1.5	-0.026315789	1.470588235	1.411764706	0.058823529	1.277777778	1.722222222	-0.444444444	1.894736842	1.473684211	0.421052632	1.052631579	1.526315789	-0.473684211	1.4	1.342105263	533